{
  "Order": {
    "@UserGUID": "{3154A861-43EF-4918-8EAD-B08F053A54E6}",
    "@OrderID": "6786",
    "@SiteID": "4",
    "@SiteCode": "Test3",
    "@OrderNumber": "6786",
    "@OrderStatus": "I",
    "@CustomerID": "113",
    "@CreateDate": "10/31/2022 3:28:00 AM",
    "@CreateDateDate": "10/31/2022",
    "@CreateUserName": "Evizi1",
    "@OrderDate": "10/31/2022",
    "@ServiceDesc": "NextDay",
    "@AbbrService": "NextDay",
    "@Service": "NextDay",
    "@VehicleType": "MiniVan",
    "@VehicleTypeID": "11",
    "@Pieces": "1",
    "@Weight": "1",
    "@PodSendType": "1",
    "@AmountQuote": "$0.00",
    "@PodDateTime": "10/31/2022 3:42:38 AM",
    "@Caller": "QAH Caller2",
    "@CallerPhone": "01234567",
    "@SiteBatchID": "63",
    "@SiteBatchStatus": "A",
    "@InvoiceNumber": "6",
    "@InvoiceStatus": "N",
    "@InvoiceDate": "10/31/2022",
    "@InvoiceBatchID": "45",
    "@AmountCharged": "$1,000.00",
    "@AmountReceived": "$0.00",
    "@PriorityGroup": "0",
    "@Notes": "Roundtrip: Delivery Order is: 6787",
    "@DeclaredValue": "$50.00",
    "@AutoVerify": "False",
    "@WebUserID": "151",
    "@OrderMainType": "R",
    "@OrderGUID": "{59560FCC-20B7-460D-8B62-2E354D84F223}",
    "@PackageTypeID": "0",
    "@CarrierTypeID": "1",
    "@HolidayNameID": "0",
    "@DueTimeHolidayNameID": "0",
    "@LastChanged": "10/31/2022 3:44:27 AM",
    "@Origin": "W",
    "@OperationalStatus": "S",
    "@DispatchDateTime": "10/31/2022 3:36:53 AM",
    "@PickedUpDateTime": "10/31/2022 3:37:15 AM",
    "@DeliveredDateTime": "10/31/2022 3:42:38 AM",
    "@DimWeightFactor": "0",
    "@TotalMiles": "729.61",
    "@BillingTypeID": "0",
    "@DueDateTime": "11/1/2022 5:00:00 PM",
    "@IncludeHolidayNameID": "0",
    "@AmountChargedFlag": "0",
    "@CurrentTime": "11/3/2022 3:35:09 AM",
    "@OrderFileCount": "0",
    "Stops": {
      "Stop": [
        {
          "@OrderStopID": "14057",
          "@Sequence": "1",
          "@StopType": "P",
          "@ScheduledDateTime": "10/31/2022 3:28:00 AM",
          "@Pieces": "1",
          "@Weight": "1",
          "@TimeOfServiceCode": "WN",
          "@DispatchGroupID": "-1",
          "@StopMiles": "729.61",
          "@ZLatitude": "40.246404",
          "@ZLongitude": "-75.279396",
          "@StopID": "17342",
          "@DispatchZone": "19446",
          "@Name": "Add_Lansdale",
          "@Address": "660 N Broad St",
          "@City": "Lansdale",
          "@State": "PA",
          "@Zip": "19446",
          "@Country": "USA",
          "@Latitude": "40.246404",
          "@Longitude": "-75.279396",
          "@LocationTypeID": "1",
          "@AVSQuality": "1",
          "@ScheduledDateTimeTZ": "EST",
          "OrderStopPieces": null
        },
        {
          "@OrderStopID": "14058",
          "@Sequence": "2",
          "@StopType": "D",
          "@ScheduledDateTime": "11/1/2022 5:00:00 PM",
          "@TimeOfServiceCode": "0",
          "@DispatchGroupID": "-1",
          "@ZLatitude": "42.794212",
          "@ZLongitude": "-86.039476",
          "@StopID": "17343",
          "@DispatchZone": "17582",
          "@Name": "Add_Zeeland",
          "@Address": "1344 Hillridge Way",
          "@City": "Zeeland",
          "@State": "PA",
          "@Zip": "17582",
          "@Country": "USA",
          "@Latitude": "42.794212",
          "@Longitude": "-86.039476",
          "@LocationTypeID": "1",
          "@AVSQuality": "1",
          "@ScheduledDateTimeTZ": "EST",
          "OrderStopPieces": null
        }
      ]
    },
    "OrderFees": {
      "OrderFee": {
        "@Sequence": "1",
        "@FeeAmount": "$1,000.00",
        "@FeeValue": "0",
        "@OverrideFlag": "True",
        "@SubSequence": "0",
        "@RateIDFix": "False",
        "@FeeValueOverrideFlag": "False",
        "@FeeTitle": "Service",
        "@FeeCode": "SV"
      }
    },
    "Jobs": {
      "Job": {
        "@JobID": "6789",
        "@Sequence": "1",
        "@JobNumber": "6786",
        "@JobStatus": "C",
        "@SiteID": "4",
        "@Service": "NextDay",
        "@VehicleTypeID": "11",
        "@ManifestDriverID": "1320",
        "@SplitPercentage": "50",
        "@JobDate": "10/31/2022",
        "@Pieces": "1",
        "@Weight": "1",
        "@DispatchGroupID": "18",
        "@DeliverySequence": "1",
        "Drivers": {
          "Driver": [
            {
              "@Sequence": "1",
              "@DriverID": "69",
              "@DriverCode": "10001",
              "@Name": "QA_Driver2",
              "@DriverPay": "1000",
              "@DriverBaseAmount": "1000",
              "@DriverCommissionPercent": "100",
              "@DriverBaseAmountOverride": "False",
              "@JobDriverID": "2634",
              "JobDriverFees": {
                "JobDriverFee": {
                  "@JobDriverFeeID": "1557",
                  "@JobDriverID": "2634",
                  "@Sequence": "1",
                  "@SubSequence": "0",
                  "@FeeAmount": "1000",
                  "@OverrideFlag": "0",
                  "@PayAmount": "1000",
                  "@FeePercentFlag": "1",
                  "@UseOrderFee": "1",
                  "@DriverCommissionMultiplier": "1",
                  "@DriverCommissionPercent": "100",
                  "@FlatPay1": "0",
                  "@DriverRateFlagID": "0",
                  "@MethodID": "1",
                  "@FeeTitle": "Service",
                  "@FeeCode": "SV"
                }
              }
            },
            {
              "@Sequence": "2",
              "@DriverPay": "0",
              "@DriverBaseAmount": "0",
              "@DriverBaseAmountOverride": "False"
            }
          ]
        },
        "JobStops": {
          "JobStop": [
            {
              "@PodRequired": "False",
              "@JobStopID": "14665",
              "@Sequence": "1",
              "@JobStopStatus": "C",
              "@StopType": "P",
              "@ScheduledDateTime": "10/31/2022 3:28:00 AM",
              "@ArriveDateTime": "10/31/2022 3:37:15 AM",
              "@DepartDateTime": "10/31/2022 3:37:15 AM",
              "@Pieces": "1",
              "@Weight": "1",
              "@PodDateTime": "10/31/2022 3:37:15 AM",
              "@ProjectedStopDateTime": "10/31/2022 2:41:23 PM",
              "@ManifestDriverID": "1320",
              "@ZLatitude": "40.246404",
              "@ZLongitude": "-75.279396",
              "@StopID": "17342",
              "@DispatchZone": "19446",
              "@Name": "Add_Lansdale",
              "@Address": "660 N Broad St",
              "@City": "Lansdale",
              "@State": "PA",
              "@Zip": "19446",
              "@Country": "USA",
              "@Latitude": "40.246404",
              "@Longitude": "-75.279396",
              "@LocationTypeID": "1",
              "@AVSQuality": "1",
              "JobStopPieces": null
            },
            {
              "@PodRequired": "False",
              "@JobStopID": "14666",
              "@Sequence": "2",
              "@JobStopStatus": "C",
              "@StopType": "D",
              "@ScheduledDateTime": "11/1/2022 5:00:00 PM",
              "@ArriveDateTime": "10/31/2022 3:42:38 AM",
              "@DepartDateTime": "10/31/2022 3:42:38 AM",
              "@PodDateTime": "10/31/2022 3:42:38 AM",
              "@ManifestDriverID": "1320",
              "@CStopMiles": "729.61",
              "@ZLatitude": "42.794212",
              "@ZLongitude": "-86.039476",
              "@StopID": "17343",
              "@DispatchZone": "17582",
              "@Name": "Add_Zeeland",
              "@Address": "1344 Hillridge Way",
              "@City": "Zeeland",
              "@State": "PA",
              "@Zip": "17582",
              "@Country": "USA",
              "@Latitude": "42.794212",
              "@Longitude": "-86.039476",
              "@LocationTypeID": "1",
              "@AVSQuality": "1",
              "JobStopPieces": null
            }
          ]
        }
      }
    },
    "OrderFrequencies": null,
    "OrderNotifies": {
      "OrderNotify": [
        {
          "@Sequence": "1",
          "@CustomerNotifyID": "",
          "@NotifyEventTypeID": "8",
          "@StyleSheetID": "6",
          "@FromEmail": "helpdesk@e-courier.com",
          "@NotifyEmail": "hnguyen@e-courier.com",
          "@Subject": "Shipment Notification",
          "@NotifyDateTime": "10/31/2022 2:28:20 AM"
        },
        {
          "@Sequence": "2",
          "@CustomerNotifyID": "",
          "@NotifyEventTypeID": "10",
          "@StyleSheetID": "54",
          "@FromEmail": "helpdesk@e-courier.com",
          "@NotifyEmail": "hnguyen@e-courier.com",
          "@Subject": "Your Order $OrderNumber has been delivered",
          "@NotifyDateTime": ""
        },
        {
          "@Sequence": "3",
          "@CustomerNotifyID": "",
          "@NotifyEventTypeID": "8",
          "@StyleSheetID": "6",
          "@FromEmail": "helpdesk@e-courier.com",
          "@NotifyEmail": "buddy@e-courier.com",
          "@Subject": "WebRemote Order $OrderNumber",
          "@NotifyDateTime": "10/31/2022 2:28:20 AM"
        }
      ]
    },
    "OrderFiles": {
      "OrderFile": [
        {
          "@OrderFileID": "2211",
          "@FileName": "File 1"
        },
        {
          "@OrderFileID": "2212",
          "@FileName": "File 2"
        }
      ]
    },
    "Site": {
      "@SiteID": "4",
      "@CompanyID": "999",
      "@SiteCode": "Test3",
      "@SiteType": "C",
      "@Name": "Test 3, Inc.",
      "@DBAName": "Test 3, Inc.",
      "@Address": "123 LoneStar Dr",
      "@City": "Houston",
      "@State": "Tx",
      "@Zip": "77002",
      "@Country": "USA",
      "@Phone": "Site Phone Number",
      "@EMail": "buddy@e-courier.com",
      "@Message": "Test site for testing and playing!",
      "@ARAccountNumber": "1200",
      "@ARDeptNumber": "1",
      "@APAccountNumber": "1200",
      "@APDeptNumber": "1",
      "@BankAccountNumber": "5001",
      "@BankDeptNumber": "1",
      "@DispatchNote": "Accident at I-10 Sawyer - Add 30 minutes to downtown destinations",
      "@SiteTitle": "Test3",
      "@PaymentGatewayID": "0",
      "@MName": "Test Remit 3",
      "@MAddress": "Remit Address Here",
      "@MCity": "RmtCty",
      "@MState": "Tx",
      "@MZip": "77002",
      "@MCountry": "USA",
      "@MEmail": "buddy@e-courier.com",
      "@LogoImageID": "0",
      "@SiteStatus": "A"
    },
    "Customer": {
      "@CustomerID": "113",
      "@CustomerCode": "10017",
      "@Name": "QA_Customer2",
      "@State": "0",
      "@Country": "USA",
      "@Phone": "000-222-333",
      "@PState": "0",
      "@PackageTypeID": "0",
      "@PCountry": "USA",
      "@PAVSQuality": "-1",
      "@VehicleTypeID": "1",
      "@CreatedDate": "10/31/2022 3:00:19 AM",
      "@SiteID": "4",
      "@CustomerTypeID": "1",
      "@OrderPriorityID": "0",
      "@CustomerShipToUpdate": "True",
      "@SetSiteFlag": "1",
      "@AVSCheck": "-1",
      "@CustomerStatus": "A",
      "@SiteCode": "Test3",
      "@CreditStatusID": "1",
      "@OkCreditStatus": "True",
      "@CreditBilling": "1",
      "@ShowSaveCustomerPaymentMethod": "9",
      "@DefaultDueTime": "0",
      "CustomerBillingTypes": {
        "@BillingTypeID": "0",
        "@ShowSaveCustomerPaymentMethod": "9",
        "BillingType": {
          "@BillingTypeID": "0",
          "@CreditCardDescription": "BillMe(Invoice)",
          "@PaymentTypeID": "0",
          "@PaymentTypeDescription": "BillMe",
          "@PaymentTenderTypeCode": "X",
          "@WebUserID": "-1"
        }
      }
    },
    "Pieces": null,
    "OrderEvents": {
      "OrderEvent": [
        {
          "@OrderEventID": "273893",
          "@EventType": "Changed",
          "@EventDateTime": "10/31/2022 3:45:26 AM",
          "@UserName": "test",
          "@Note": "test first",
          "@EventSource": "",
          "@RefType": "JobDriverFee.JobDriverFeeID",
          "@RefID": "0",
          "@RefItem": "JobDriverFee.DriverRateFlagID"
        },
        {
          "@OrderEventID": "273892",
          "@EventType": "Changed",
          "@EventDateTime": "10/31/2022 3:44:26 AM",
          "@UserName": "test",
          "@Note": "JobDriverFee:11/3:MethodID:  --> 1",
          "@EventSource": "",
          "@RefType": "JobDriverFee.JobDriverFeeID",
          "@RefID": "0",
          "@RefItem": "JobDriverFee.MethodID"
        },
        {
          "@OrderEventID": "273891",
          "@EventType": "Changed",
          "@EventDateTime": "10/31/2022 3:44:26 AM",
          "@UserName": "test",
          "@Note": "JobDriverFee:11/3:FlatPay1:  --> $0.00",
          "@EventSource": "",
          "@RefType": "JobDriverFee.JobDriverFeeID",
          "@RefID": "0",
          "@RefItem": "JobDriverFee.FlatPay1"
        },
        {
          "@OrderEventID": "273890",
          "@EventType": "Changed",
          "@EventDateTime": "10/31/2022 3:44:26 AM",
          "@UserName": "test",
          "@Note": "JobDriverFee:11/3:DriverCommissionPercent:  --> 100",
          "@EventSource": "",
          "@RefType": "JobDriverFee.JobDriverFeeID",
          "@RefID": "0",
          "@RefItem": "JobDriverFee.DriverCommissionPercent"
        },
        {
          "@OrderEventID": "273889",
          "@EventType": "Changed",
          "@EventDateTime": "10/31/2022 3:44:26 AM",
          "@UserName": "test",
          "@Note": "JobDriverFee:11/3:DriverCommissionMultiplier:  --> 1",
          "@EventSource": "",
          "@RefType": "JobDriverFee.JobDriverFeeID",
          "@RefID": "0",
          "@RefItem": "JobDriverFee.DriverCommissionMultiplier"
        },
        {
          "@OrderEventID": "273888",
          "@EventType": "Changed",
          "@EventDateTime": "10/31/2022 3:44:26 AM",
          "@UserName": "test",
          "@Note": "JobDriverFee:11/3:UseOrderFee:  --> 1",
          "@EventSource": "",
          "@RefType": "JobDriverFee.JobDriverFeeID",
          "@RefID": "0",
          "@RefItem": "JobDriverFee.UseOrderFee"
        },
        {
          "@OrderEventID": "273887",
          "@EventType": "Changed",
          "@EventDateTime": "10/31/2022 3:44:26 AM",
          "@UserName": "test",
          "@Note": "JobDriverFee:11/3:FeePercentFlag:  --> 2",
          "@EventSource": "",
          "@RefType": "JobDriverFee.JobDriverFeeID",
          "@RefID": "0",
          "@RefItem": "JobDriverFee.FeePercentFlag"
        },
        {
          "@OrderEventID": "273886",
          "@EventType": "Changed",
          "@EventDateTime": "10/31/2022 3:44:26 AM",
          "@UserName": "test",
          "@Note": "JobDriverFee:11/1:DriverRateFlagID:  --> 0",
          "@EventSource": "",
          "@RefType": "JobDriverFee.JobDriverFeeID",
          "@RefID": "0",
          "@RefItem": "JobDriverFee.DriverRateFlagID"
        },
        {
          "@OrderEventID": "273885",
          "@EventType": "Changed",
          "@EventDateTime": "10/31/2022 3:44:26 AM",
          "@UserName": "test",
          "@Note": "JobDriverFee:11/1:MethodID:  --> 1",
          "@EventSource": "",
          "@RefType": "JobDriverFee.JobDriverFeeID",
          "@RefID": "0",
          "@RefItem": "JobDriverFee.MethodID"
        },
        {
          "@OrderEventID": "273884",
          "@EventType": "Changed",
          "@EventDateTime": "10/31/2022 3:44:26 AM",
          "@UserName": "test",
          "@Note": "JobDriverFee:11/1:FlatPay1:  --> $0.00",
          "@EventSource": "",
          "@RefType": "JobDriverFee.JobDriverFeeID",
          "@RefID": "0",
          "@RefItem": "JobDriverFee.FlatPay1"
        },
        {
          "@OrderEventID": "273883",
          "@EventType": "Changed",
          "@EventDateTime": "10/31/2022 3:44:26 AM",
          "@UserName": "test",
          "@Note": "JobDriverFee:11/1:DriverCommissionPercent:  --> 100",
          "@EventSource": "",
          "@RefType": "JobDriverFee.JobDriverFeeID",
          "@RefID": "0",
          "@RefItem": "JobDriverFee.DriverCommissionPercent"
        },
        {
          "@OrderEventID": "273882",
          "@EventType": "Changed",
          "@EventDateTime": "10/31/2022 3:44:26 AM",
          "@UserName": "test",
          "@Note": "JobDriverFee:11/1:DriverCommissionMultiplier:  --> 1",
          "@EventSource": "",
          "@RefType": "JobDriverFee.JobDriverFeeID",
          "@RefID": "0",
          "@RefItem": "JobDriverFee.DriverCommissionMultiplier"
        },
        {
          "@OrderEventID": "273881",
          "@EventType": "Changed",
          "@EventDateTime": "10/31/2022 3:44:26 AM",
          "@UserName": "test",
          "@Note": "JobDriverFee:11/1:UseOrderFee:  --> 1",
          "@EventSource": "",
          "@RefType": "JobDriverFee.JobDriverFeeID",
          "@RefID": "0",
          "@RefItem": "JobDriverFee.UseOrderFee"
        },
        {
          "@OrderEventID": "273880",
          "@EventType": "Changed",
          "@EventDateTime": "10/31/2022 3:44:26 AM",
          "@UserName": "test",
          "@Note": "JobDriverFee:11/1:FeePercentFlag:  --> 1",
          "@EventSource": "",
          "@RefType": "JobDriverFee.JobDriverFeeID",
          "@RefID": "0",
          "@RefItem": "JobDriverFee.FeePercentFlag"
        },
        {
          "@OrderEventID": "273879",
          "@EventType": "Changed",
          "@EventDateTime": "10/31/2022 3:44:26 AM",
          "@UserName": "test",
          "@Note": "JobDriverFee:1/0:DriverRateFlagID:  --> 0",
          "@EventSource": "",
          "@RefType": "JobDriverFee.JobDriverFeeID",
          "@RefID": "1557",
          "@RefItem": "JobDriverFee.DriverRateFlagID"
        },
        {
          "@OrderEventID": "273878",
          "@EventType": "Changed",
          "@EventDateTime": "10/31/2022 3:44:26 AM",
          "@UserName": "test",
          "@Note": "JobDriverFee:1/0:MethodID:  --> 1",
          "@EventSource": "",
          "@RefType": "JobDriverFee.JobDriverFeeID",
          "@RefID": "1557",
          "@RefItem": "JobDriverFee.MethodID"
        },
        {
          "@OrderEventID": "273877",
          "@EventType": "Changed",
          "@EventDateTime": "10/31/2022 3:44:26 AM",
          "@UserName": "test",
          "@Note": "JobDriverFee:1/0:FlatPay1:  --> $0.00",
          "@EventSource": "",
          "@RefType": "JobDriverFee.JobDriverFeeID",
          "@RefID": "1557",
          "@RefItem": "JobDriverFee.FlatPay1"
        },
        {
          "@OrderEventID": "273876",
          "@EventType": "Changed",
          "@EventDateTime": "10/31/2022 3:44:26 AM",
          "@UserName": "test",
          "@Note": "JobDriverFee:1/0:DriverCommissionPercent:  --> 100",
          "@EventSource": "",
          "@RefType": "JobDriverFee.JobDriverFeeID",
          "@RefID": "1557",
          "@RefItem": "JobDriverFee.DriverCommissionPercent"
        },
        {
          "@OrderEventID": "273875",
          "@EventType": "Changed",
          "@EventDateTime": "10/31/2022 3:44:26 AM",
          "@UserName": "test",
          "@Note": "JobDriverFee:1/0:DriverCommissionMultiplier:  --> 1",
          "@EventSource": "",
          "@RefType": "JobDriverFee.JobDriverFeeID",
          "@RefID": "1557",
          "@RefItem": "JobDriverFee.DriverCommissionMultiplier"
        },
        {
          "@OrderEventID": "273874",
          "@EventType": "Changed",
          "@EventDateTime": "10/31/2022 3:44:26 AM",
          "@UserName": "test",
          "@Note": "JobDriverFee:1/0:UseOrderFee:  --> 1",
          "@EventSource": "",
          "@RefType": "JobDriverFee.JobDriverFeeID",
          "@RefID": "1557",
          "@RefItem": "JobDriverFee.UseOrderFee"
        },
        {
          "@OrderEventID": "273873",
          "@EventType": "Changed",
          "@EventDateTime": "10/31/2022 3:44:26 AM",
          "@UserName": "test",
          "@Note": "JobDriverFee:1/0:FeePercentFlag:  --> 1",
          "@EventSource": "",
          "@RefType": "JobDriverFee.JobDriverFeeID",
          "@RefID": "1557",
          "@RefItem": "JobDriverFee.FeePercentFlag"
        },
        {
          "@OrderEventID": "273872",
          "@EventType": "FeeChange",
          "@EventDateTime": "10/31/2022 3:44:26 AM",
          "@UserName": "test",
          "@Note": "JobDriverFee:1/0:PayAmount:  --> $1,000.00",
          "@EventSource": "",
          "@RefType": "JobDriverFee.JobDriverFeeID",
          "@RefID": "1557",
          "@RefItem": "JobDriverFee.PayAmount"
        },
        {
          "@OrderEventID": "273871",
          "@EventType": "FeeChange",
          "@EventDateTime": "10/31/2022 3:44:26 AM",
          "@UserName": "test",
          "@Note": "JobDriverFee:1/0:FeeAmount:  --> $1,000.00",
          "@EventSource": "",
          "@RefType": "JobDriverFee.JobDriverFeeID",
          "@RefID": "1557",
          "@RefItem": "JobDriverFee.FeeAmount"
        },
        {
          "@OrderEventID": "273870",
          "@EventType": "Changed",
          "@EventDateTime": "10/31/2022 3:44:26 AM",
          "@UserName": "test",
          "@Note": "Job: 1 Driver:1:DriverRevenueAmount: 0 --> 1000",
          "@EventSource": "",
          "@RefType": "JobDriver.JobDriverID",
          "@RefID": "2634",
          "@RefItem": "JobDriver.DriverRevenueAmount"
        },
        {
          "@OrderEventID": "273869",
          "@EventType": "Changed",
          "@EventDateTime": "10/31/2022 3:44:26 AM",
          "@UserName": "test",
          "@Note": "Job: 1 Driver:1:DriverBaseAmount: 0 --> 1000",
          "@EventSource": "",
          "@RefType": "JobDriver.JobDriverID",
          "@RefID": "2634",
          "@RefItem": "JobDriver.DriverBaseAmount"
        },
        {
          "@OrderEventID": "273868",
          "@EventType": "Changed",
          "@EventDateTime": "10/31/2022 3:44:26 AM",
          "@UserName": "test",
          "@Note": "Job: 1 Driver:1:DriverPay: 0 --> 1000",
          "@EventSource": "",
          "@RefType": "JobDriver.JobDriverID",
          "@RefID": "2634",
          "@RefItem": "JobDriver.DriverPay"
        },
        {
          "@OrderEventID": "273867",
          "@EventType": "Changed",
          "@EventDateTime": "10/31/2022 3:44:26 AM",
          "@UserName": "test",
          "@Note": "OrderFee:1/0:OverrideFlag: False --> True",
          "@EventSource": "",
          "@RefType": "OrderFee.OrderFeeID",
          "@RefID": "9686",
          "@RefItem": "OrderFee.OverrideFlag"
        },
        {
          "@OrderEventID": "273866",
          "@EventType": "FeeChange",
          "@EventDateTime": "10/31/2022 3:44:26 AM",
          "@UserName": "test",
          "@Note": "OrderFee:1/0:FeeAmount:  --> $1,000.00",
          "@EventSource": "",
          "@RefType": "OrderFee.OrderFeeID",
          "@RefID": "9686",
          "@RefItem": "OrderFee.FeeAmount"
        },
        {
          "@OrderEventID": "273865",
          "@EventType": "FeeChange",
          "@EventDateTime": "10/31/2022 3:44:26 AM",
          "@UserName": "test",
          "@Note": "AmountCharged: 0 --> $1,000.00",
          "@EventSource": "",
          "@RefType": "OrderMain.OrderID",
          "@RefID": "6786",
          "@RefItem": "OrderMain.AmountCharged"
        },
        {
          "@OrderEventID": "273864",
          "@EventType": "SaveOrder",
          "@EventDateTime": "10/31/2022 3:44:26 AM",
          "@UserName": "test",
          "@Note": "{F161987B-E124-464B-AD5D-70B7AA73C1E7} 6364 orderscreen.asp,SaveData 2022-10-31 03:44:25.670 budtest",
          "@EventSource": ""
        },
        {
          "@OrderEventID": "273863",
          "@EventType": "Changed",
          "@EventDateTime": "10/31/2022 3:43:11 AM",
          "@UserName": "test",
          "@Note": "BillingTypeID:  --> 0",
          "@EventSource": "",
          "@RefType": "OrderMain.OrderID",
          "@RefID": "6786",
          "@RefItem": "OrderMain.BillingTypeID"
        },
        {
          "@OrderEventID": "273862",
          "@EventType": "Changed",
          "@EventDateTime": "10/31/2022 3:43:11 AM",
          "@UserName": "test",
          "@Note": "OrderStatus: N --> A",
          "@EventSource": "",
          "@RefType": "OrderMain.OrderID",
          "@RefID": "6786",
          "@RefItem": "OrderMain.OrderStatus"
        },
        {
          "@OrderEventID": "273861",
          "@EventType": "SaveOrder",
          "@EventDateTime": "10/31/2022 3:43:11 AM",
          "@UserName": "test",
          "@Note": "{F161987B-E124-464B-AD5D-70B7AA73C1E7} 3504 orderscreen.asp,SaveData 2022-10-31 03:43:11.399 budtest",
          "@EventSource": ""
        },
        {
          "@OrderEventID": "273860",
          "@EventType": "CheckJobCo",
          "@EventDateTime": "10/31/2022 3:42:38 AM",
          "@UserName": "",
          "@Note": "Job[1] JobStatus --> C",
          "@EventSource": ""
        },
        {
          "@OrderEventID": "273859",
          "@EventType": "Changed",
          "@EventDateTime": "10/31/2022 3:42:38 AM",
          "@UserName": "test",
          "@Note": "JobDriverFee:11/3:DriverRateFlagID:  --> 0",
          "@EventSource": "",
          "@RefType": "JobDriverFee.JobDriverFeeID",
          "@RefID": "0",
          "@RefItem": "JobDriverFee.DriverRateFlagID"
        },
        {
          "@OrderEventID": "273858",
          "@EventType": "Changed",
          "@EventDateTime": "10/31/2022 3:42:38 AM",
          "@UserName": "test",
          "@Note": "JobDriverFee:11/3:MethodID:  --> 1",
          "@EventSource": "",
          "@RefType": "JobDriverFee.JobDriverFeeID",
          "@RefID": "0",
          "@RefItem": "JobDriverFee.MethodID"
        },
        {
          "@OrderEventID": "273857",
          "@EventType": "Changed",
          "@EventDateTime": "10/31/2022 3:42:38 AM",
          "@UserName": "test",
          "@Note": "JobDriverFee:11/3:FlatPay1:  --> $0.00",
          "@EventSource": "",
          "@RefType": "JobDriverFee.JobDriverFeeID",
          "@RefID": "0",
          "@RefItem": "JobDriverFee.FlatPay1"
        },
        {
          "@OrderEventID": "273856",
          "@EventType": "Changed",
          "@EventDateTime": "10/31/2022 3:42:38 AM",
          "@UserName": "test",
          "@Note": "JobDriverFee:11/3:DriverCommissionPercent:  --> 100",
          "@EventSource": "",
          "@RefType": "JobDriverFee.JobDriverFeeID",
          "@RefID": "0",
          "@RefItem": "JobDriverFee.DriverCommissionPercent"
        },
        {
          "@OrderEventID": "273855",
          "@EventType": "Changed",
          "@EventDateTime": "10/31/2022 3:42:38 AM",
          "@UserName": "test",
          "@Note": "JobDriverFee:11/3:DriverCommissionMultiplier:  --> 1",
          "@EventSource": "",
          "@RefType": "JobDriverFee.JobDriverFeeID",
          "@RefID": "0",
          "@RefItem": "JobDriverFee.DriverCommissionMultiplier"
        },
        {
          "@OrderEventID": "273854",
          "@EventType": "Changed",
          "@EventDateTime": "10/31/2022 3:42:38 AM",
          "@UserName": "test",
          "@Note": "JobDriverFee:11/3:UseOrderFee:  --> 1",
          "@EventSource": "",
          "@RefType": "JobDriverFee.JobDriverFeeID",
          "@RefID": "0",
          "@RefItem": "JobDriverFee.UseOrderFee"
        },
        {
          "@OrderEventID": "273853",
          "@EventType": "Changed",
          "@EventDateTime": "10/31/2022 3:42:38 AM",
          "@UserName": "test",
          "@Note": "JobDriverFee:11/3:FeePercentFlag:  --> 2",
          "@EventSource": "",
          "@RefType": "JobDriverFee.JobDriverFeeID",
          "@RefID": "0",
          "@RefItem": "JobDriverFee.FeePercentFlag"
        },
        {
          "@OrderEventID": "273852",
          "@EventType": "Changed",
          "@EventDateTime": "10/31/2022 3:42:38 AM",
          "@UserName": "test",
          "@Note": "JobDriverFee:11/1:DriverRateFlagID:  --> 0",
          "@EventSource": "",
          "@RefType": "JobDriverFee.JobDriverFeeID",
          "@RefID": "0",
          "@RefItem": "JobDriverFee.DriverRateFlagID"
        },
        {
          "@OrderEventID": "273851",
          "@EventType": "Changed",
          "@EventDateTime": "10/31/2022 3:42:38 AM",
          "@UserName": "test",
          "@Note": "JobDriverFee:11/1:MethodID:  --> 1",
          "@EventSource": "",
          "@RefType": "JobDriverFee.JobDriverFeeID",
          "@RefID": "0",
          "@RefItem": "JobDriverFee.MethodID"
        },
        {
          "@OrderEventID": "273850",
          "@EventType": "Changed",
          "@EventDateTime": "10/31/2022 3:42:38 AM",
          "@UserName": "test",
          "@Note": "JobDriverFee:11/1:FlatPay1:  --> $0.00",
          "@EventSource": "",
          "@RefType": "JobDriverFee.JobDriverFeeID",
          "@RefID": "0",
          "@RefItem": "JobDriverFee.FlatPay1"
        },
        {
          "@OrderEventID": "273849",
          "@EventType": "Changed",
          "@EventDateTime": "10/31/2022 3:42:38 AM",
          "@UserName": "test",
          "@Note": "JobDriverFee:11/1:DriverCommissionPercent:  --> 100",
          "@EventSource": "",
          "@RefType": "JobDriverFee.JobDriverFeeID",
          "@RefID": "0",
          "@RefItem": "JobDriverFee.DriverCommissionPercent"
        },
        {
          "@OrderEventID": "273848",
          "@EventType": "Changed",
          "@EventDateTime": "10/31/2022 3:42:38 AM",
          "@UserName": "test",
          "@Note": "JobDriverFee:11/1:DriverCommissionMultiplier:  --> 1",
          "@EventSource": "",
          "@RefType": "JobDriverFee.JobDriverFeeID",
          "@RefID": "0",
          "@RefItem": "JobDriverFee.DriverCommissionMultiplier"
        },
        {
          "@OrderEventID": "273847",
          "@EventType": "Changed",
          "@EventDateTime": "10/31/2022 3:42:38 AM",
          "@UserName": "test",
          "@Note": "JobDriverFee:11/1:UseOrderFee:  --> 1",
          "@EventSource": "",
          "@RefType": "JobDriverFee.JobDriverFeeID",
          "@RefID": "0",
          "@RefItem": "JobDriverFee.UseOrderFee"
        },
        {
          "@OrderEventID": "273846",
          "@EventType": "Changed",
          "@EventDateTime": "10/31/2022 3:42:38 AM",
          "@UserName": "test",
          "@Note": "JobDriverFee:11/1:FeePercentFlag:  --> 1",
          "@EventSource": "",
          "@RefType": "JobDriverFee.JobDriverFeeID",
          "@RefID": "0",
          "@RefItem": "JobDriverFee.FeePercentFlag"
        },
        {
          "@OrderEventID": "273845",
          "@EventType": "Changed",
          "@EventDateTime": "10/31/2022 3:42:38 AM",
          "@UserName": "test",
          "@Note": "Job: 1 Stop:2:PodDateTime:  --> 10/31/2022 3:42:38 AM",
          "@EventSource": "",
          "@RefType": "JobStop.JobStopID",
          "@RefID": "14666",
          "@RefItem": "JobStop.PodDateTime"
        },
        {
          "@OrderEventID": "273844",
          "@EventType": "Changed",
          "@EventDateTime": "10/31/2022 3:42:38 AM",
          "@UserName": "test",
          "@Note": "Job: 1 Stop:2:DepartDateTime:  --> 10/31/2022 3:42:38 AM",
          "@EventSource": "",
          "@RefType": "JobStop.JobStopID",
          "@RefID": "14666",
          "@RefItem": "JobStop.DepartDateTime"
        },
        {
          "@OrderEventID": "273843",
          "@EventType": "Changed",
          "@EventDateTime": "10/31/2022 3:42:38 AM",
          "@UserName": "test",
          "@Note": "Job: 1 Stop:2:ArriveDateTime:  --> 10/31/2022 3:42:38 AM",
          "@EventSource": "",
          "@RefType": "JobStop.JobStopID",
          "@RefID": "14666",
          "@RefItem": "JobStop.ArriveDateTime"
        },
        {
          "@OrderEventID": "273842",
          "@EventType": "StopComple",
          "@EventDateTime": "10/31/2022 3:42:38 AM",
          "@UserName": "test",
          "@Note": "Job: 1 Stop: 2 DS: 1",
          "@EventSource": "",
          "@RefType": "JobStop.JobStopID",
          "@RefID": "14666"
        },
        {
          "@OrderEventID": "273841",
          "@EventType": "Changed",
          "@EventDateTime": "10/31/2022 3:42:38 AM",
          "@UserName": "test",
          "@Note": "Job: 1 Stop:2:JobStopStatus: A --> C",
          "@EventSource": "",
          "@RefType": "JobStop.JobStopID",
          "@RefID": "14666",
          "@RefItem": "JobStop.JobStopStatus"
        },
        {
          "@OrderEventID": "273840",
          "@EventType": "Changed",
          "@EventDateTime": "10/31/2022 3:42:38 AM",
          "@UserName": "test",
          "@Note": "DeliveredDateTime:  --> 10/31/2022 3:42:38 AM",
          "@EventSource": "",
          "@RefType": "OrderMain.OrderID",
          "@RefID": "6786",
          "@RefItem": "OrderMain.DeliveredDateTime"
        },
        {
          "@OrderEventID": "273839",
          "@EventType": "Changed",
          "@EventDateTime": "10/31/2022 3:42:38 AM",
          "@UserName": "test",
          "@Note": "PodDateTime:  --> 10/31/2022 3:42:38 AM",
          "@EventSource": "",
          "@RefType": "OrderMain.OrderID",
          "@RefID": "6786",
          "@RefItem": "OrderMain.PodDateTime"
        },
        {
          "@OrderEventID": "273838",
          "@EventType": "Delivered",
          "@EventDateTime": "10/31/2022 3:42:38 AM",
          "@UserName": "test",
          "@Note": "10/31/2022 3:42:38 AM",
          "@EventSource": ""
        },
        {
          "@OrderEventID": "273837",
          "@EventType": "SaveOrder",
          "@EventDateTime": "10/31/2022 3:42:38 AM",
          "@UserName": "test",
          "@Note": "{B8CCCF05-5B0F-4358-80C0-6FA21E2F9F2A} 5156 SaveClearJobStop 2022-10-31 03:42:38.425 budtest",
          "@EventSource": ""
        },
        {
          "@OrderEventID": "273754",
          "@EventType": "Changed",
          "@EventDateTime": "10/31/2022 3:37:15 AM",
          "@UserName": "test",
          "@Note": "JobDriverFee:11/3:DriverRateFlagID:  --> 0",
          "@EventSource": "",
          "@RefType": "JobDriverFee.JobDriverFeeID",
          "@RefID": "0",
          "@RefItem": "JobDriverFee.DriverRateFlagID"
        },
        {
          "@OrderEventID": "273753",
          "@EventType": "Changed",
          "@EventDateTime": "10/31/2022 3:37:15 AM",
          "@UserName": "test",
          "@Note": "JobDriverFee:11/3:MethodID:  --> 1",
          "@EventSource": "",
          "@RefType": "JobDriverFee.JobDriverFeeID",
          "@RefID": "0",
          "@RefItem": "JobDriverFee.MethodID"
        },
        {
          "@OrderEventID": "273752",
          "@EventType": "Changed",
          "@EventDateTime": "10/31/2022 3:37:15 AM",
          "@UserName": "test",
          "@Note": "JobDriverFee:11/3:FlatPay1:  --> $0.00",
          "@EventSource": "",
          "@RefType": "JobDriverFee.JobDriverFeeID",
          "@RefID": "0",
          "@RefItem": "JobDriverFee.FlatPay1"
        },
        {
          "@OrderEventID": "273751",
          "@EventType": "Changed",
          "@EventDateTime": "10/31/2022 3:37:15 AM",
          "@UserName": "test",
          "@Note": "JobDriverFee:11/3:DriverCommissionPercent:  --> 100",
          "@EventSource": "",
          "@RefType": "JobDriverFee.JobDriverFeeID",
          "@RefID": "0",
          "@RefItem": "JobDriverFee.DriverCommissionPercent"
        },
        {
          "@OrderEventID": "273750",
          "@EventType": "Changed",
          "@EventDateTime": "10/31/2022 3:37:15 AM",
          "@UserName": "test",
          "@Note": "JobDriverFee:11/3:DriverCommissionMultiplier:  --> 1",
          "@EventSource": "",
          "@RefType": "JobDriverFee.JobDriverFeeID",
          "@RefID": "0",
          "@RefItem": "JobDriverFee.DriverCommissionMultiplier"
        },
        {
          "@OrderEventID": "273749",
          "@EventType": "Changed",
          "@EventDateTime": "10/31/2022 3:37:15 AM",
          "@UserName": "test",
          "@Note": "JobDriverFee:11/3:UseOrderFee:  --> 1",
          "@EventSource": "",
          "@RefType": "JobDriverFee.JobDriverFeeID",
          "@RefID": "0",
          "@RefItem": "JobDriverFee.UseOrderFee"
        },
        {
          "@OrderEventID": "273748",
          "@EventType": "Changed",
          "@EventDateTime": "10/31/2022 3:37:15 AM",
          "@UserName": "test",
          "@Note": "JobDriverFee:11/3:FeePercentFlag:  --> 2",
          "@EventSource": "",
          "@RefType": "JobDriverFee.JobDriverFeeID",
          "@RefID": "0",
          "@RefItem": "JobDriverFee.FeePercentFlag"
        },
        {
          "@OrderEventID": "273747",
          "@EventType": "Changed",
          "@EventDateTime": "10/31/2022 3:37:15 AM",
          "@UserName": "test",
          "@Note": "JobDriverFee:11/1:DriverRateFlagID:  --> 0",
          "@EventSource": "",
          "@RefType": "JobDriverFee.JobDriverFeeID",
          "@RefID": "0",
          "@RefItem": "JobDriverFee.DriverRateFlagID"
        },
        {
          "@OrderEventID": "273746",
          "@EventType": "Changed",
          "@EventDateTime": "10/31/2022 3:37:15 AM",
          "@UserName": "test",
          "@Note": "JobDriverFee:11/1:MethodID:  --> 1",
          "@EventSource": "",
          "@RefType": "JobDriverFee.JobDriverFeeID",
          "@RefID": "0",
          "@RefItem": "JobDriverFee.MethodID"
        },
        {
          "@OrderEventID": "273745",
          "@EventType": "Changed",
          "@EventDateTime": "10/31/2022 3:37:15 AM",
          "@UserName": "test",
          "@Note": "JobDriverFee:11/1:FlatPay1:  --> $0.00",
          "@EventSource": "",
          "@RefType": "JobDriverFee.JobDriverFeeID",
          "@RefID": "0",
          "@RefItem": "JobDriverFee.FlatPay1"
        },
        {
          "@OrderEventID": "273744",
          "@EventType": "Changed",
          "@EventDateTime": "10/31/2022 3:37:15 AM",
          "@UserName": "test",
          "@Note": "JobDriverFee:11/1:DriverCommissionPercent:  --> 100",
          "@EventSource": "",
          "@RefType": "JobDriverFee.JobDriverFeeID",
          "@RefID": "0",
          "@RefItem": "JobDriverFee.DriverCommissionPercent"
        },
        {
          "@OrderEventID": "273743",
          "@EventType": "Changed",
          "@EventDateTime": "10/31/2022 3:37:15 AM",
          "@UserName": "test",
          "@Note": "JobDriverFee:11/1:DriverCommissionMultiplier:  --> 1",
          "@EventSource": "",
          "@RefType": "JobDriverFee.JobDriverFeeID",
          "@RefID": "0",
          "@RefItem": "JobDriverFee.DriverCommissionMultiplier"
        },
        {
          "@OrderEventID": "273742",
          "@EventType": "Changed",
          "@EventDateTime": "10/31/2022 3:37:15 AM",
          "@UserName": "test",
          "@Note": "JobDriverFee:11/1:UseOrderFee:  --> 1",
          "@EventSource": "",
          "@RefType": "JobDriverFee.JobDriverFeeID",
          "@RefID": "0",
          "@RefItem": "JobDriverFee.UseOrderFee"
        },
        {
          "@OrderEventID": "273741",
          "@EventType": "Changed",
          "@EventDateTime": "10/31/2022 3:37:15 AM",
          "@UserName": "test",
          "@Note": "JobDriverFee:11/1:FeePercentFlag:  --> 1",
          "@EventSource": "",
          "@RefType": "JobDriverFee.JobDriverFeeID",
          "@RefID": "0",
          "@RefItem": "JobDriverFee.FeePercentFlag"
        },
        {
          "@OrderEventID": "273740",
          "@EventType": "Changed",
          "@EventDateTime": "10/31/2022 3:37:15 AM",
          "@UserName": "test",
          "@Note": "Job: 1 Stop:1:PodDateTime:  --> 10/31/2022 3:37:15 AM",
          "@EventSource": "",
          "@RefType": "JobStop.JobStopID",
          "@RefID": "14665",
          "@RefItem": "JobStop.PodDateTime"
        },
        {
          "@OrderEventID": "273739",
          "@EventType": "Changed",
          "@EventDateTime": "10/31/2022 3:37:15 AM",
          "@UserName": "test",
          "@Note": "Job: 1 Stop:1:DepartDateTime:  --> 10/31/2022 3:37:15 AM",
          "@EventSource": "",
          "@RefType": "JobStop.JobStopID",
          "@RefID": "14665",
          "@RefItem": "JobStop.DepartDateTime"
        },
        {
          "@OrderEventID": "273738",
          "@EventType": "Changed",
          "@EventDateTime": "10/31/2022 3:37:15 AM",
          "@UserName": "test",
          "@Note": "Job: 1 Stop:1:ArriveDateTime:  --> 10/31/2022 3:37:15 AM",
          "@EventSource": "",
          "@RefType": "JobStop.JobStopID",
          "@RefID": "14665",
          "@RefItem": "JobStop.ArriveDateTime"
        },
        {
          "@OrderEventID": "273737",
          "@EventType": "StopComple",
          "@EventDateTime": "10/31/2022 3:37:15 AM",
          "@UserName": "test",
          "@Note": "Job: 1 Stop: 1 DS: 1",
          "@EventSource": "",
          "@RefType": "JobStop.JobStopID",
          "@RefID": "14665"
        },
        {
          "@OrderEventID": "273736",
          "@EventType": "Changed",
          "@EventDateTime": "10/31/2022 3:37:15 AM",
          "@UserName": "test",
          "@Note": "Job: 1 Stop:1:JobStopStatus: A --> C",
          "@EventSource": "",
          "@RefType": "JobStop.JobStopID",
          "@RefID": "14665",
          "@RefItem": "JobStop.JobStopStatus"
        },
        {
          "@OrderEventID": "273735",
          "@EventType": "Changed",
          "@EventDateTime": "10/31/2022 3:37:15 AM",
          "@UserName": "test",
          "@Note": "PickedUpDateTime:  --> 10/31/2022 3:37:15 AM",
          "@EventSource": "",
          "@RefType": "OrderMain.OrderID",
          "@RefID": "6786",
          "@RefItem": "OrderMain.PickedUpDateTime"
        },
        {
          "@OrderEventID": "273734",
          "@EventType": "PickedUp",
          "@EventDateTime": "10/31/2022 3:37:15 AM",
          "@UserName": "test",
          "@Note": "10/31/2022 3:37:15 AM",
          "@EventSource": "",
          "@RefType": "JobStop.JobStopID",
          "@RefID": "14665"
        },
        {
          "@OrderEventID": "273733",
          "@EventType": "SaveOrder",
          "@EventDateTime": "10/31/2022 3:37:15 AM",
          "@UserName": "test",
          "@Note": "{B8CCCF05-5B0F-4358-80C0-6FA21E2F9F2A} 7076 SaveClearJobStop 2022-10-31 03:37:15.034 budtest",
          "@EventSource": ""
        },
        {
          "@OrderEventID": "273732",
          "@EventType": "Changed",
          "@EventDateTime": "10/31/2022 3:37:09 AM",
          "@UserName": "test",
          "@Note": "Job: 1 Stop:1:JobStopStatus: Q --> A",
          "@EventSource": "",
          "@RefType": "JobStop.JobStopID",
          "@RefID": "14665",
          "@RefItem": "JobStop.JobStopStatus"
        },
        {
          "@OrderEventID": "273731",
          "@EventType": "SaveOrder",
          "@EventDateTime": "10/31/2022 3:37:09 AM",
          "@UserName": "test",
          "@Note": "{B8CCCF05-5B0F-4358-80C0-6FA21E2F9F2A} 4384 SaveClearJobStop 2022-10-31 03:37:09.368 budtest",
          "@EventSource": ""
        },
        {
          "@OrderEventID": "273730",
          "@EventType": "Changed",
          "@EventDateTime": "10/31/2022 3:36:54 AM",
          "@UserName": "test",
          "@Note": "JobDriverFee:11/3:DriverRateFlagID:  --> 0",
          "@EventSource": "",
          "@RefType": "JobDriverFee.JobDriverFeeID",
          "@RefID": "0",
          "@RefItem": "JobDriverFee.DriverRateFlagID"
        },
        {
          "@OrderEventID": "273729",
          "@EventType": "Changed",
          "@EventDateTime": "10/31/2022 3:36:54 AM",
          "@UserName": "test",
          "@Note": "JobDriverFee:11/3:MethodID:  --> 1",
          "@EventSource": "",
          "@RefType": "JobDriverFee.JobDriverFeeID",
          "@RefID": "0",
          "@RefItem": "JobDriverFee.MethodID"
        },
        {
          "@OrderEventID": "273728",
          "@EventType": "Changed",
          "@EventDateTime": "10/31/2022 3:36:54 AM",
          "@UserName": "test",
          "@Note": "JobDriverFee:11/3:FlatPay1:  --> $0.00",
          "@EventSource": "",
          "@RefType": "JobDriverFee.JobDriverFeeID",
          "@RefID": "0",
          "@RefItem": "JobDriverFee.FlatPay1"
        },
        {
          "@OrderEventID": "273727",
          "@EventType": "Changed",
          "@EventDateTime": "10/31/2022 3:36:54 AM",
          "@UserName": "test",
          "@Note": "JobDriverFee:11/3:DriverCommissionPercent:  --> 100",
          "@EventSource": "",
          "@RefType": "JobDriverFee.JobDriverFeeID",
          "@RefID": "0",
          "@RefItem": "JobDriverFee.DriverCommissionPercent"
        },
        {
          "@OrderEventID": "273726",
          "@EventType": "Changed",
          "@EventDateTime": "10/31/2022 3:36:54 AM",
          "@UserName": "test",
          "@Note": "JobDriverFee:11/3:DriverCommissionMultiplier:  --> 1",
          "@EventSource": "",
          "@RefType": "JobDriverFee.JobDriverFeeID",
          "@RefID": "0",
          "@RefItem": "JobDriverFee.DriverCommissionMultiplier"
        },
        {
          "@OrderEventID": "273725",
          "@EventType": "Changed",
          "@EventDateTime": "10/31/2022 3:36:54 AM",
          "@UserName": "test",
          "@Note": "JobDriverFee:11/3:UseOrderFee:  --> 1",
          "@EventSource": "",
          "@RefType": "JobDriverFee.JobDriverFeeID",
          "@RefID": "0",
          "@RefItem": "JobDriverFee.UseOrderFee"
        },
        {
          "@OrderEventID": "273724",
          "@EventType": "Changed",
          "@EventDateTime": "10/31/2022 3:36:54 AM",
          "@UserName": "test",
          "@Note": "JobDriverFee:11/3:FeePercentFlag:  --> 2",
          "@EventSource": "",
          "@RefType": "JobDriverFee.JobDriverFeeID",
          "@RefID": "0",
          "@RefItem": "JobDriverFee.FeePercentFlag"
        },
        {
          "@OrderEventID": "273723",
          "@EventType": "Changed",
          "@EventDateTime": "10/31/2022 3:36:54 AM",
          "@UserName": "test",
          "@Note": "JobDriverFee:11/1:DriverRateFlagID:  --> 0",
          "@EventSource": "",
          "@RefType": "JobDriverFee.JobDriverFeeID",
          "@RefID": "0",
          "@RefItem": "JobDriverFee.DriverRateFlagID"
        },
        {
          "@OrderEventID": "273722",
          "@EventType": "Changed",
          "@EventDateTime": "10/31/2022 3:36:54 AM",
          "@UserName": "test",
          "@Note": "JobDriverFee:11/1:MethodID:  --> 1",
          "@EventSource": "",
          "@RefType": "JobDriverFee.JobDriverFeeID",
          "@RefID": "0",
          "@RefItem": "JobDriverFee.MethodID"
        },
        {
          "@OrderEventID": "273721",
          "@EventType": "Changed",
          "@EventDateTime": "10/31/2022 3:36:54 AM",
          "@UserName": "test",
          "@Note": "JobDriverFee:11/1:FlatPay1:  --> $0.00",
          "@EventSource": "",
          "@RefType": "JobDriverFee.JobDriverFeeID",
          "@RefID": "0",
          "@RefItem": "JobDriverFee.FlatPay1"
        },
        {
          "@OrderEventID": "273720",
          "@EventType": "Changed",
          "@EventDateTime": "10/31/2022 3:36:54 AM",
          "@UserName": "test",
          "@Note": "JobDriverFee:11/1:DriverCommissionPercent:  --> 100",
          "@EventSource": "",
          "@RefType": "JobDriverFee.JobDriverFeeID",
          "@RefID": "0",
          "@RefItem": "JobDriverFee.DriverCommissionPercent"
        },
        {
          "@OrderEventID": "273719",
          "@EventType": "Changed",
          "@EventDateTime": "10/31/2022 3:36:54 AM",
          "@UserName": "test",
          "@Note": "JobDriverFee:11/1:DriverCommissionMultiplier:  --> 1",
          "@EventSource": "",
          "@RefType": "JobDriverFee.JobDriverFeeID",
          "@RefID": "0",
          "@RefItem": "JobDriverFee.DriverCommissionMultiplier"
        },
        {
          "@OrderEventID": "273718",
          "@EventType": "Changed",
          "@EventDateTime": "10/31/2022 3:36:54 AM",
          "@UserName": "test",
          "@Note": "JobDriverFee:11/1:UseOrderFee:  --> 1",
          "@EventSource": "",
          "@RefType": "JobDriverFee.JobDriverFeeID",
          "@RefID": "0",
          "@RefItem": "JobDriverFee.UseOrderFee"
        },
        {
          "@OrderEventID": "273717",
          "@EventType": "Changed",
          "@EventDateTime": "10/31/2022 3:36:54 AM",
          "@UserName": "test",
          "@Note": "JobDriverFee:11/1:FeePercentFlag:  --> 1",
          "@EventSource": "",
          "@RefType": "JobDriverFee.JobDriverFeeID",
          "@RefID": "0",
          "@RefItem": "JobDriverFee.FeePercentFlag"
        },
        {
          "@OrderEventID": "273716",
          "@EventType": "Changed",
          "@EventDateTime": "10/31/2022 3:36:54 AM",
          "@UserName": "test",
          "@Note": "Job: 1 Stop:2:CStopMiles:  --> 729.61",
          "@EventSource": "",
          "@RefType": "JobStop.JobStopID",
          "@RefID": "14666",
          "@RefItem": "JobStop.CStopMiles"
        },
        {
          "@OrderEventID": "273715",
          "@EventType": "Changed",
          "@EventDateTime": "10/31/2022 3:36:54 AM",
          "@UserName": "test",
          "@Note": "Job: 1 Driver:1:DriverRevenueAmount:  --> 0",
          "@EventSource": "",
          "@RefType": "JobDriver.JobDriverID",
          "@RefID": "2634",
          "@RefItem": "JobDriver.DriverRevenueAmount"
        },
        {
          "@OrderEventID": "273714",
          "@EventType": "Changed",
          "@EventDateTime": "10/31/2022 3:36:54 AM",
          "@UserName": "test",
          "@Note": "Job: 1 Driver:1:DriverPay:  --> 0",
          "@EventSource": "",
          "@RefType": "JobDriver.JobDriverID",
          "@RefID": "2634",
          "@RefItem": "JobDriver.DriverPay"
        },
        {
          "@OrderEventID": "273713",
          "@EventType": "Changed",
          "@EventDateTime": "10/31/2022 3:36:54 AM",
          "@UserName": "test",
          "@Note": "Job: 1 Driver:1:DriverBaseAmount:  --> 0",
          "@EventSource": "",
          "@RefType": "JobDriver.JobDriverID",
          "@RefID": "2634",
          "@RefItem": "JobDriver.DriverBaseAmount"
        },
        {
          "@OrderEventID": "273712",
          "@EventType": "Dispatch",
          "@EventDateTime": "10/31/2022 3:36:54 AM",
          "@UserName": "test",
          "@Note": "Driver: 10001 Manifest: 1320 Job[1] JobStatus N --> A DriverPay=True",
          "@EventSource": "",
          "@RefType": "Job.JobID",
          "@RefID": "6789"
        },
        {
          "@OrderEventID": "273711",
          "@EventType": "SaveOrder",
          "@EventDateTime": "10/31/2022 3:36:54 AM",
          "@UserName": "test",
          "@Note": "{B8CCCF05-5B0F-4358-80C0-6FA21E2F9F2A} 2692 AssignJobToDriverManifest 2022-10-31 03:36:54.225 budtest",
          "@EventSource": ""
        },
        {
          "@OrderEventID": "273676",
          "@EventType": "Notify",
          "@EventDateTime": "10/31/2022 3:28:20 AM",
          "@UserName": "",
          "@Note": "WebRemote Order 6786 --> From: helpdesk@e-courier.com To: buddy@e-courier.com",
          "@EventSource": ""
        },
        {
          "@OrderEventID": "273675",
          "@EventType": "Notify",
          "@EventDateTime": "10/31/2022 3:28:20 AM",
          "@UserName": "",
          "@Note": "Shipment Notification --> From: helpdesk@e-courier.com To: hnguyen@e-courier.com",
          "@EventSource": ""
        },
        {
          "@OrderEventID": "273674",
          "@EventType": "New",
          "@EventDateTime": "10/31/2022 3:28:19 AM",
          "@UserName": "WEBREMOTE",
          "@Note": "",
          "@EventSource": ""
        },
        {
          "@OrderEventID": "273673",
          "@EventType": "SaveOrder",
          "@EventDateTime": "10/31/2022 3:27:19 AM",
          "@UserName": "WEBREMOTE",
          "@Note": "test last",
          "@EventSource": ""
        }
      ]
    }
  }
}
